name;email;faculty;username;password
Rubi;rubi@email.com;Faculty of Informatics;rubi;123456
Nancy;nancy@email.com;Faculty of Law;nancy;123456
Sandra;sandra@email.com;Faculty of Humanities;sandra;123456
Jessie;jessie@email.com;Faculty of Informatics;jessie;123456
Anya;anya@email.com;Faculty of Informatics;anya;123456